question,answer1,answer2,answer3,answer4,correct,level
question,answer1,answer2,answer3,answer4,correct,level
Кой футболист отбеляза най-много голове в европейските лиги през 2024 г.?,Килиан Мбапе,Ерлинг Хааланд,Хари Кейн,Роберт Левандовски,1,2
Кой отбор спечели Шампионската лига през 2024 г.?,Реал Мадрид,Манчестър Сити,Байерн Мюнхен,ПСЖ,1,2
Кое събитие е най-голямото за типстърите през 2025 г.?,Суперкупа на Европа,Световно клубно първенство,Европейско първенство за жени,Лига на нациите,1,3
Кой тенисист е фаворит за Australian Open 2025 според типстърите?,Карлос Алкарас,Яник Синер,Новак Джокович,Даниил Медведев,0,2
В кой спорт типстърите очакват най-голям ръст на залози през 2025 г.?,Футбол,Електронни спортове,Баскетбол,Тенис,1,3
Коя платформа за залози е най-популярна сред типстърите през 2025 г.?,Bet365,1xBet,William Hill,Betfair,3,2
Кой типстър спечели най-много последователи в Tipstrr през 2024 г.?,Football Insider,Greyhound Guru,Racing Pro,Both Teams Master,0,3
Какъв процент от залозите през 2025 г. са направени през мобилни устройства?,50%,60%,70%,80%,3,2
Коя лига е най-предсказуема за типстърите през 2025 г.?,Английска Висша лига,Серия А,Ла Лига,Бундеслига,1,2
Кой баскетболист е фаворит за MVP в НБА през 2025 г.?,Лука Дончич,Янис Адетокумбо,Никола Йокич,Джейсън Тейтъм,0,2
Коя професия около залозите нарасна най-много през 2025 г.?,Анализатор на данни,Типстър,Букмейкър,Арбитражист,0,3
Какъв е средният месечен доход на топ типстър през 2025 г.?,1000 евро,5000 евро,10000 евро,20000 евро,2,3
Коя технология промени работата на типстърите през 2025 г.?,Изкуствен интелект,Блокчейн,Виртуална реалност,Големи данни,0,2
Кой спортен анализатор стана известен с прогнози за Евро 2024?,Пол Мърсън,Гари Невил,Марк Лоурънсън,Джейми Карагър,1,3
Коя държава легализира спортните залози през 2025 г.?,Бразилия,Индия,Южна Африка,Турция,0,3
Какъв е минималният залог за арбитраж през 2025 г. според стандартите?,10 евро,20 евро,50 евро,100 евро,2,2
Кой типстър е известен с най-точни прогнози за тенис през 2025 г.?,Tennis Ace,Match Point,Baseline Pro,Smash Tip,0,3
Коя платформа за арбитражни залози е най-използвана през 2025 г.?,RebelBetting,BetBurger,OddsJam,ProfitDuel,0,2
Кой футболен мач привлече най-много залози през 2024 г.?,Финал ШЛ,Ел Класико,Манчестър дерби,Северно лондонско дерби,0,2
Коя нова лига стартира през 2025 г. и привлече вниманието на типстърите?,Африканска суперлига,Азиатска лига,Латинска лига,Европейска лига 2,0,3
Какъв е средният процент на печалба от арбитраж през 2025 г.?,1-2%,3-5%,6-8%,9-10%,1,2
Кой типстър спечели най-голяма сума от залози през 2024 г.?,The Profit King,Goal Getter,Race Master,Stats Guru,0,3
Коя професия изисква най-много статистически умения около залозите?,Типстър,Букмейкър,Анализатор на коефициенти,Маркетинг експерт,2,2
Кой отбор е фаворит за Световното клубно първенство 2025?,Реал Мадрид,Манчестър Сити,Челси,Фламенго,1,2
Коя социална мрежа е най-използвана от типстърите през 2025 г.?,Twitter,Instagram,TikTok,YouTube,0,2
Кой тип залог е най-популярен сред типстърите през 2025 г.?,1X2,Над/Под,Двата отбора да отбележат,Хендикап,2,1
Коя компания наема най-много анализатори на данни за залози през 2025 г.?,Bet365,Paddy Power,Flutter,Betfair,0,3
Кой типстър е известен с прогнози за електронни спортове през 2025 г.?,eSports Pro,Gaming Tip,Pixel Predictor,Cyber Bet,0,3
Какъв е средният брой прогнози на ден от топ типстър през 2025 г.?,5,10,15,20,1,2
Коя държава забрани арбитражните залози през 2025 г.?,Великобритания,САЩ,Австралия,Няма такава,2,3
Кой отбор спечели НБА титлата през 2024 г.?,Бостън Селтик,Денвър Нъгетс,Милуоки Бъкс,Голдън Стейт Уориърс,0,2
Коя професия около залозите изисква лиценз през 2025 г.?,Типстър,Букмейкър,Арбитражист,Анализатор на данни,1,2
Кой тенис турнир е най-печеливш за типстърите през 2025 г.?,Уимбълдън,US Open,French Open,Australian Open,0,2
Коя платформа предлага най-добри бонуси за типстъри през 2025 г.?,Betway,1xBet,Bet365,William Hill,2,2
Кой типстър е известен с прогнози за конни надбягвания през 2025 г.?,Racing Star,Horse Whisperer,Galloper,Ground Master,0,3
Какъв е максималният процент на комисионна за арбитраж в борса през 2025 г.?,2%,3%,5%,7%,0,2
Коя лига е най-трудна за прогнозиране през 2025 г.?,MLS,Лига MX,АПЛ,Серия А,0,3
Кой спорт става най-популярен за залози в Азия през 2025 г.?,Крикет,Футбол,Бадминтон,Електронни спортове,0,2
Коя професия около залозите изисква най-много пътувания?,Типстър,Скаут,Букмейкър,Анализатор на данни,1,2
Кой баскетболен мач привлече най-много залози през 2024 г.?,Финал НБА,Ол Стар мач,Мач за титлата NCAA,Световно първенство,0,2
Коя компания разработи най-добрия AI за типстъри през 2025 г.?,Google,IBM,Microsoft,OpenAI,3,3
Кой типстър е първи по последователи в TikTok през 2025 г.?,BetKing,Soccer Sage,TipTop,Race Ruler,0,3
Коя държава има най-много регистрирани типстъри през 2025 г.?,Великобритания,САЩ,Бразилия,Индия,0,2
Кой отбор е фаворит за Купата на Африка 2025?,Нигерия,Египет,Сенегал,Алжир,2,2
Коя платформа за залози въведе биометрична идентификация през 2025 г.?,Betfair,1xBet,Bet365,Paddy Power,0,3
Какъв е средният брой часове работа на типстър дневно през 2025 г.?,4,6,8,10,2,2
Кой типстър е известен с прогнози за UFC през 2025 г.?,Fight Predictor,Octagon Ace,KO King,Mat Master,0,3
Коя професия около залозите изисква най-много правни познания?,Букмейкър,Юрист,Типстър,Анализатор на данни,1,2
Кой тенисист спечели най-много титли през 2024 г.?,Новак Джокович,Карлос Алкарас,Яник Синер,Рафаел Надал,1,2
Коя борса за залози е най-популярна сред арбитражисти през 2025 г.?,Betfair,Smarkets,Betdaq,Matchbook,0,2
Кой тип залог е най-малко използван от типстърите през 2025 г.?,Точен резултат,Първи голмайстор,Брой корнери,Хендикап,0,1
Коя компания наема най-много типстъри през 2025 г.?,Bet365,Tipstrr,OLBG,Bettingexpert,1,3
Кой спортен анализатор предсказа най-точно Световното първенство 2022?,Пол Мърсън,Гари Невил,Алан Шиърър,Рой Кийн,2,3
Коя държава има най-строги регулации за типстърите през 2025 г.?,Австралия,Великобритания,САЩ,Германия,1,3
Кой типстър е първи по печалби от баскетбол през 2025 г.?,Hoop Guru,Ball Predictor,Dunk Master,Court King,0,3
Какъв е средният процент на успеваемост на топ типстър през 2025 г.?,50%,60%,70%,80%,2,2
Коя платформа за залози е най-сигурна според типстърите през 2025 г.?,Bet365,Betfair,1xBet,William Hill,0,2
Кой отбор спечели Световното първенство по крикет през 2023 г.?,Индия,Австралия,Англия,Пакистан,1,2
Коя професия около залозите изисква най-много езикови умения?,Типстър,Скаут,Маркетинг експерт,Букмейкър,1,2
Кой типстър е известен с прогнози за голф през 2025 г.?,Fairway Pro,Tee Shot,Golf Guru,Put Master,0,3
Коя лига е най-популярна за арбитражни залози през 2025 г.?,АПЛ,НБА,НФЛ,Ла Лига,0,2
Кой тип залог е най-рисков за типстърите през 2025 г.?,Точен резултат,Над/Под,1X2,Хендикап,0,1
Коя компания въведе първия AI типстър през 2025 г.?,Bet365,Tipstrr,OpenAI,Bettingexpert,2,3
Кой отбор е фаворит за Лига Европа 2025?,Манчестър Юнайтед,Арсенал,Тотнъм,Рома,0,2
Коя платформа за залози има най-много регистрирани потребители през 2025 г.?,Bet365,1xBet,Betfair,William Hill,0,2
Кой типстър е първи по печалби от Формула 1 през 2025 г.?,Speed King,Race Pro,Track Master,Pit Predictor,0,3
Коя професия около залозите изисква най-много технически умения?,Анализатор на данни,Типстър,Букмейкър,Арбитражист,0,2
Кой тенис турнир е най-малко предсказуем през 2025 г.?,Уимбълдън,US Open,French Open,Australian Open,2,3
Коя държава има най-много арбитражисти през 2025 г.?,Великобритания,САЩ,Австралия,Индия,0,2
Кой типстър е известен с прогнози за ръгби през 2025 г.?,Rugby Sage,Try Master,Scrum Pro,Lineout King,0,3
Коя лига е най-малко популярна за залози през 2025 г.?,Лига MX,J1 Лига,А лига,К лига,0,2
Кой отбор спечели Купата на Лигата в Англия през 2024 г.?,Ливърпул,Манчестър Сити,Челси,Арсенал,0,2
Коя професия около залозите изисква най-много работа с клиенти?,Букмейкър,Типстър,Маркетинг експерт,Скаут,2,2
Кой типстър е първи по печалби от хокей през 2025 г.?,Ice King,Puck Pro,Slap Shot,Goalie Guru,0,3
Коя платформа за залози въведе първата VR залагаща зала през 2025 г.?,Bet365,Betfair,1xBet,William Hill,1,3
Кой тип залог е най-често използван в НБА през 2025 г.?,Над/Под,Хендикап,1X2,Точен резултат,0,1
Коя компания наема най-много скаути за мачове през 2025 г.?,Bet365,Sky Bet,Flutter,Betfair,0,3
Кой отбор е фаворит за Копа Америка 2025?,Аржентина,Бразилия,Уругвай,Колумбия,0,2
Коя държава има най-много платени типстъри през 2025 г.?,Великобритания,САЩ,Австралия,Германия,0,2
Кой типстър е известен с прогнози за бокс през 2025 г.?,Ring Master,Punch Pro,KO Predictor,Fight Sage,0,3
Коя лига е най-печеливша за типстърите през 2025 г.?,АПЛ,Ла Лига,Серия А,Бундеслига,0,2
Кой тип залог е най-прост за арбитраж през 2025 г.?,1X2,Над/Под,Хендикап,Точен резултат,0,1
Коя компания разработи първия блокчейн за залози през 2025 г.?,Betfair,1xBet,Flutter,OpenAI,0,3
Кой отбор спечели Световното първенство по хокей през 2024 г.?,Канада,САЩ,Швеция,Финландия,0,2
Коя професия около залозите изисква най-много време за анализ?,Типстър,Анализатор на данни,Букмейкър,Скаут,1,2
Кой типстър е първи по печалби от волейбол през 2025 г.?,Spike Pro,Net Master,Volley Sage,Serve King,0,3
Коя платформа за залози е най-бърза за изплащане през 2025 г.?,Bet365,Betfair,1xBet,William Hill,1,2
Кой тип залог е най-често грешен от типстърите през 2025 г.?,Точен резултат,Над/Под,1X2,Хендикап,0,1
Коя компания наема най-много юристи за залози през 2025 г.?,Bet365,Flutter,Betfair,Sky Bet,1,3
Кой отбор е фаворит за Световното първенство по ръгби 2025?,Нова Зеландия,Южна Африка,Англия,Австралия,0,2
Коя държава има най-много борси за залози през 2025 г.?,Великобритания,САЩ,Австралия,Индия,0,2
Кой типстър е известен с прогнози за снукър през 2025 г.?,Cue Master,Snooker Pro,Pot King,Frame Sage,0,3
Коя лига е най-нова за залози през 2025 г.?,Африканска суперлига,Лига на Персийския залив,Индийска суперлига,Южноамериканска лига,0,2
Кой тип залог е най-популярен в тениса през 2025 г.?,Победител в мача,Брой геймове,Брой сетове,Точен резултат,0,1
Коя компания въведе първия типстър робот през 2025 г.?,Bet365,Tipstrr,OpenAI,Bettingexpert,2,3
Кой отбор спечели Лига на конференциите през 2024 г.?,Фиорентина,Уест Хям,Виляреал,Рома,1,2
Коя професия около залозите изисква най-много креативност?,Маркетинг експерт,Типстър,Букмейкър,Анализатор на данни,0,2
Кой типстър е първи по печалби от киберспорт през 2025 г.?,Cyber Pro,Game Master,eSports Sage,Pixel King,0,3
Коя платформа за залози е най-иновативна през 2025 г.?,Bet365,Betfair,1xBet,William Hill,1,2
question,answer1,answer2,answer3,answer4,correct,level
Какво е минималното изискване за капитал за лиценз за онлайн залози в България през 2025 г.?,100 000 лв.,200 000 лв.,500 000 лв.,1 000 000 лв.,2,2
Коя компания за залози в България въведе първата функция за частичен кеш-аут през 2025 г.?,Bet365,Bwin,Palms Bet,Everbet,0,3
Какъв е максималният данък върху печалбите от залози в България през 2025 г.?,5%,10%,15%,20%,1,2
Коя регулация задължава българските букмейкъри да имат система за самоизключване?,Закон за хазарта,GDPR,AML директива,Няма такава,0,1
Кой е най-новият лицензиран букмейкър в България към март 2025 г.?,Sesame,AlphaWin,Bethome,WinBet,0,3
Какъв е минималният срок за обработка на теглене според ДКХ през 2025 г.?,12 часа,24 часа,48 часа,72 часа,2,2
Коя българска компания за залози предлага най-висок бонус за нов клиент през 2025 г.?,Efbet,Bet365,Palms Bet,WinBet,0,2
Какъв е задължителният процент за резерви на букмейкърите в България през 2025 г.?,5%,10%,15%,20%,1,3
Коя функция на Bet365 BG е уникална спрямо конкурентите през 2025 г.?,Bet Builder,Live Streaming,Auto Cashout,Virtual Bets,0,2
Какъв е максималният лимит за единичен залог в Efbet през 2025 г.?,5000 лв.,10 000 лв.,20 000 лв.,50 000 лв.,2,3
Коя новина за регулации шокира индустрията в България през 2025 г.?,Забрана на бонуси,Увеличен данък,Задължителен AI контрол,Ограничение на реклами,3,3
Какъв е минималният депозит в Palms Bet през 2025 г.?,5 лв.,10 лв.,20 лв.,50 лв.,1,1
Коя компания в България първа интегрира криптовалути за залози през 2025 г.?,WinBet,Efbet,Sesame,Bet365,2,3
Какъв е срокът за верификация на акаунт според Закона за хазарта през 2025 г.?,24 часа,48 часа,72 часа,7 дни,2,2
Коя платформа в България предлага най-много пазари за залози на живо през 2025 г.?,Bwin,Efbet,Bet365,Palms Bet,2,2
Какъв е максималният брой селекции в акумулатор в WinBet през 2025 г.?,10,15,20,25,2,2
Коя регулация изисква двуфакторна автентикация за вход в сайтове за залози?,Закон за хазарта,GDPR,Директива за киберсигурност,Няма такава,1,2
Коя българска компания за залози има най-бързо време за кеш-аут през 2025 г.?,Efbet,Bet365,Sesame,Palms Bet,0,2
Какъв е минималният коефициент за разиграване на бонус в Bet365 BG през 2025 г.?,1.20,1.50,1.80,2.00,1,1
Коя компания в България въведе първия AI базиран типстър през 2025 г.?,WinBet,Efbet,Bwin,Sesame,1,3
Какъв е максималният срок за подаване на жалба към ДКХ през 2025 г.?,7 дни,14 дни,30 дни,60 дни,2,2
Коя функция на Palms Bet позволява персонализиране на залози през 2025 г.?,Custom Bet,Bet Mixer,Flexi Stake,Live Builder,0,2
Какъв е задължителният лимит за дневен депозит според регулациите през 2025 г.?,500 лв.,1000 лв.,2000 лв.,Няма лимит,3,3
Коя българска компания предлага най-нисък марж на коефициенти през 2025 г.?,Efbet,Bet365,WinBet,Sesame,0,2
Какъв е минималният срок за съхранение на данни за залози според ДКХ през 2025 г.?,1 година,3 години,5 години,10 години,2,3
Коя новина за Efbet през 2025 г. привлече най-много внимание?,Нов спонсорски договор,Изтегляне от пазара,Скандал с данни,Въвеждане на VR залози,0,3
Коя компания в България има най-много лицензирани физически пунктове през 2025 г.?,WinBet,Efbet,Palms Bet,Bet365,1,2
Какъв е максималният бонус за лоялност в Sesame през 2025 г.?,100 лв.,200 лв.,500 лв.,1000 лв.,2,2
Коя регулация забранява реклами на залози преди 22:00 през 2025 г.?,Закон за хазарта,Медийна директива,Няма такава,Етична комисия,0,2
Коя функция на Bwin BG е най-използвана за залози на живо през 2025 г.?,Pulse Betting,Live Tracker,Cashout Boost,Dynamic Odds,0,2
Какъв е минималният процент на RTP за виртуални игри според ДКХ през 2025 г.?,85%,90%,95%,98%,1,3
Коя българска компания първа въведе залози с биометрична идентификация през 2025 г.?,Efbet,Sesame,Palms Bet,WinBet,2,3
Какъв е максималният срок за изплащане на печалба според регулациите през 2025 г.?,24 часа,48 часа,72 часа,5 дни,2,2
Коя новина за WinBet през 2025 г. доведе до спад в клиентите?,Санкция от ДКХ,Високи такси,Липса на бонуси,Технически проблеми,0,3
Коя компания в България предлага най-много методи за депозит през 2025 г.?,Bet365,Efbet,Palms Bet,Sesame,0,2
Какъв е минималният брой служители за лиценз за залози в България през 2025 г.?,5,10,15,20,1,2
Коя функция на Sesame позволява залози с гласови команди през 2025 г.?,Voice Bet,Smart Play,Audio Stake,Live Voice,0,3
Какъв е максималният процент на марж за спортни залози според ДКХ през 2025 г.?,5%,8%,10%,12%,2,3
Коя българска компания има най-голяма мрежа от партньори през 2025 г.?,Efbet,WinBet,Bet365,Palms Bet,1,2
Коя регулация изисква отчетност на AI системите за залози през 2025 г.?,Закон за хазарта,GDPR,Директива за AI,Няма такава,2,3
Какъв е минималният депозит за активиране на бонус в Efbet през 2025 г.?,10 лв.,20 лв.,30 лв.,50 лв.,1,1
Коя компания в България въведе първата система за залози с нулев марж през 2025 г.?,Bet365,Sesame,Efbet,WinBet,0,3
Коя функция на WinBet е най-популярна за акумулатори през 2025 г.?,Combo Boost,Acca Flex,Multi Maker,Bet Stack,0,2
Какъв е максималният брой пазари за един мач в Bet365 BG през 2025 г.?,100,200,300,400,2,2
Коя новина за Palms Bet през 2025 г. увеличи популярността й?,Нов мобилен дизайн,Партньорство с клуб,Безплатни залози,VR платформа,0,3
Коя компания в България предлага най-бърза регистрация през 2025 г.?,Sesame,Efbet,Bet365,Palms Bet,0,2
Какъв е минималният срок за отговор на жалба според ДКХ през 2025 г.?,5 дни,10 дни,15 дни,30 дни,2,2
Коя функция на Efbet позволява залози с предварително зададени лимити през 2025 г.?,Bet Limit,Stake Cap,Play Safe,Auto Bet,0,2
Коя регулация изисква задължителна проверка на източника на средствата през 2025 г.?,AML директива,Закон за хазарта,GDPR,Няма такава,0,2
Коя българска компания има най-висок процент на изплащане през 2025 г.?,Efbet,Bet365,WinBet,Sesame,0,2
Какво е маржът в букмейкърските коефициенти?,Печалба на букмейкъра,Бонус за играча,Данък върху залога,Сума за изплащане,0,1
Каква е формулата за изчисляване на вероятност от коефициент?,1/Коефициент,Коефициент/100,Коефициент-1,1-(1/Коефициент),0,2
Коя система за залози включва всички комбинации от 3 селекции?,Трикси,Патент,Янки,Хайнц,1,2
Какъв е минималният брой селекции за системата Янки?,3,4,5,6,1,2
Коя технология подобрява скоростта на залозите на живо през 2025 г.?,5G,AI,Blockchain,VR,0,2
Какъв е максималният брой комбинации в системата Хайнц?,15,26,57,120,2,3
Коя платформа за залози използва най-много сървъри през 2025 г.?,Betfair,Bet365,1xBet,Smarkets,1,3
Какъв е стандартният процент на кеш-аут загуба?,5-10%,10-20%,20-30%,30-40%,1,2
Коя система за залози изисква поне 2 верни прогнози от 3?,Трикси,Патент,2/3,Янки,2,1
Какъв е максималният брой селекции в системата Голиат?,6,7,8,9,2,3
Коя технология осигурява прозрачност на залозите през 2025 г.?,AI,Blockchain,5G,Cloud Computing,1,2
Какъв е минималният коефициент за арбитражни залози?,1.05,1.10,1.20,1.50,2,2
Коя система за залози покрива 26 комбинации?,Янки,Супер Янки,Хайнц,Голиат,1,2
Какъв е стандартният процент на марж за футболни залози през 2025 г.?,2-5%,5-8%,8-12%,12-15%,1,2
Коя платформа първа въведе залози с нулев марж през 2025 г.?,Betfair,Smarkets,Bet365,Matchbook,0,3
Какъв е максималният брой пазари за тенис мач през 2025 г.?,50,100,150,200,2,2
Коя система за залози е най-рискова?,Хайнц,Голиат,Супер Хайнц,Патент,2,3
Какъв е минималният залог за борса за залози през 2025 г.?,1 евро,2 евро,5 евро,10 евро,1,1
Коя технология намалява латентността при залози на живо?,5G,AI,Blockchain,VR,0,2
Какъв е максималният брой комбинации в системата Супер Хайнц?,57,120,247,300,1,3
Коя платформа предлага най-бързо обновяване на коефициенти през 2025 г.?,Bet365,Betfair,1xBet,Smarkets,1,2
Какъв е стандартният процент на RTP за виртуални спортове през 2025 г.?,85%,90%,95%,98%,2,2
Коя система за залози изисква 5 селекции?,Янки,Супер Янки,Хайнц,Трикси,1,2
Какъв е минималният брой верни прогнози за печалба в системата 3/5?,2,3,4,5,1,1
Коя технология позволява персонализирани коефициенти през 2025 г.?,AI,Blockchain,5G,VR,0,2
Какъв е максималният брой селекции в акумулатор през 2025 г.?,15,20,25,30,2,2
Коя система за залози е най-проста?,Трикси,Патент,2/3,Янки,2,1
Какъв е стандартният процент на печалба от арбитраж през 2025 г.?,1-2%,3-5%,6-8%,9-10%,1,2
Коя платформа има най-голяма база данни за статистика през 2025 г.?,Bet365,Betfair,1xBet,William Hill,0,2
Какъв е максималният брой комбинации в системата Канадец?,15,26,57,120,1,2
Коя технология осигурява сигурност на транзакциите през 2025 г.?,5G,AI,Blockchain,VR,2,2
Какъв е минималният коефициент за кеш-аут през 2025 г.?,1.10,1.20,1.50,1.80,1,1
Коя система за залози покрива 120 комбинации?,Хайнц,Супер Хайнц,Голиат,Канадец,1,3
Какъв е максималният процент на бонус за акумулатор през 2025 г.?,50%,70%,100%,150%,2,2
Коя платформа предлага най-много виртуални спортове през 2025 г.?,Bet365,1xBet,Betfair,William Hill,1,2
Какъв е минималният брой селекции за системата Супер Янки?,4,5,6,7,1,1
Коя технология подобрява визуализацията на залозите през 2025 г.?,AI,Blockchain,VR,5G,2,2
Какъв е максималният брой пазари за баскетболен мач през 2025 г.?,100,150,200,250,2,2
Коя система за залози е най-подходяща за начинаещи?,Трикси,Патент,2/3,Хайнц,2,1
Какъв е стандартният процент на марж за тенис залози през 2025 г.?,3-6%,6-9%,9-12%,12-15%,1,2
Коя платформа първа въведе залози с гласови команди през 2025 г.?,Bet365,Betfair,1xBet,Smarkets,0,3
Какъв е максималният брой комбинации в системата Трикси?,3,4,7,10,1,1
Коя технология намалява риска от измами при залози през 2025 г.?,AI,Blockchain,5G,VR,1,2
Какъв е минималният брой селекции за системата Патент?,2,3,4,5,1,1
Коя система за залози покрива 247 комбинации?,Хайнц,Супер Хайнц,Голиат,Канадец,2,3
Какъв е максималният процент на кеш-аут печалба през 2025 г.?,70%,80%,90%,100%,2,2
Коя платформа предлага най-бързо изплащане през 2025 г.?,Betfair,Bet365,1xBet,Smarkets,0,2
Какъв е минималният брой верни прогнози за печалба в системата 4/6?,3,4,5,6,1,1
Коя технология подобрява точността на прогнозите през 2025 г.?,AI,Blockchain,5G,VR,0,2
question,answer1,answer2,answer3,answer4,correct,level
Какво действие предприе Efbet през 2025 г., когато играч получи информация за сгрешен коефициент?,Анулира залога,Изплати печалбата,Блокира акаунта,Нямаше реакция,0,2
Коя българска компания първа въведе AI за откриване на сгрешени коефициенти през 2025 г.?,Bet365,Efbet,Palms Bet,Sesame,1,3
Какъв е максималният срок за анулиране на залог с грешни коефициенти според ДКХ през 2025 г.?,24 часа,48 часа,72 часа,7 дни,2,2
Коя регулация в България забранява използването на вътрешна информация за залози през 2025 г.?,Закон за хазарта,GDPR,AML директива,Няма такава,0,2
Кой служител на WinBet беше уволнен заради изтичане на грешни коефициенти през 2025 г.?,Анализатор,Търговец,Мениджър,Техник,0,3
Какъв е минималният коефициент, считан за сгрешен в Bet365 BG през 2025 г.?,1.01,1.05,1.10,1.20,1,2
Коя българска компания плати най-голяма глоба за сгрешени коефициенти през 2025 г.?,Efbet,Palms Bet,Bet365,Sesame,0,3
Какъв процент от залозите с грешни коефициенти са анулирани от Efbet през 2025 г.?,50%,70%,90%,100%,2,2
Коя функция на Palms Bet открива манипулации с коефициенти през 2025 г.?,Live Alert,Odds Guard,Bet Check,Smart Scan,0,2
Какъв е максималният залог, анулиран заради сгрешен коефициент в WinBet през 2025 г.?,5000 лв.,10 000 лв.,20 000 лв.,50 000 лв.,2,3
Коя новина за Bet365 BG през 2025 г. разкри изтичане на грешни коефициенти?,Скандал с тенис,Футболна манипулация,Хакерска атака,Служителско нарушение,0,3
Какъв е минималният срок за докладване на сгрешен коефициент до ДКХ през 2025 г.?,6 часа,12 часа,24 часа,48 часа,2,2
Коя компания в България първа спря залози заради вътрешна информация през 2025 г.?,Sesame,Efbet,Bet365,Palms Bet,1,3
Какъв е максималният брой анулирани залози на ден в Efbet през 2025 г.?,10,50,100,200,2,2
Коя регулация изисква публичен отчет за сгрешени коефициенти в България през 2025 г.?,Закон за хазарта,GDPR,Директива за AI,Няма такава,0,2
Коя функция на Bet365 BG позволява на играчите да сигнализират грешни коефициенти през 2025 г.?,Report Odds,Bet Alert,Odds Check,Live Flag,0,2
Какъв е минималният процент на грешка в коефициентите, за да бъде анулиран залог в Sesame през 2025 г.?,5%,10%,15%,20%,1,2
Коя българска компания въведе обучение за служители срещу изтичане на информация през 2025 г.?,WinBet,Efbet,Palms Bet,Bet365,0,3
Какъв е максималният срок за разследване на грешни коефициенти от ДКХ през 2025 г.?,7 дни,14 дни,30 дни,60 дни,2,3
Коя новина за Palms Bet през 2025 г. беше свързана с грешни коефициенти?,Тенис скандал,Футболна грешка,Софтуерен бъг,Хакерски пробив,0,3
Какъв е минималният брой сигнали за грешни коефициенти, за да се задейства проверка в Bet365 BG през 2025 г.?,1,5,10,20,2,2
Коя компания в България първа внедри блокчейн за проверка на коефициенти през 2025 г.?,Efbet,Sesame,Bet365,WinBet,2,3
Какъв е максималният процент на анулирани залози заради грешни коефициенти в Palms Bet през 2025 г.?,10%,20%,30%,40%,2,2
Коя регулация в България изисква компенсация за анулирани залози през 2025 г.?,Закон за хазарта,GDPR,Няма такава,Етична комисия,2,3
Коя функция на WinBet открива сгрешени коефициенти в реално време през 2025 г.?,Odds Watch,Bet Scan,Live Check,Smart Odds,0,2
Какъв е минималният залог, анулиран заради грешка в Sesame през 2025 г.?,1 лв.,5 лв.,10 лв.,20 лв.,2,1
Коя българска компания има най-много случаи на грешни коефициенти през 2025 г.?,Efbet,Bet365,Palms Bet,WinBet,0,2
Какъв е максималният брой служители, уволнени заради изтичане на информация в Bet365 BG през 2025 г.?,1,5,10,20,2,3
Коя новина за Sesame през 2025 г. разкри манипулация с коефициенти?,Хакерска атака,Служителска грешка,Софтуерен проблем,Футболен скандал,0,3
Коя функция на Efbet спира залози при съмнение за грешни коефициенти през 2025 г.?,Bet Lock,Odds Freeze,Live Stop,Smart Block,0,2
Какъв е минималният срок за уведомяване на играч за анулиран залог в България през 2025 г.?,1 час,6 часа,12 часа,24 часа,2,2
Коя компания в България първа въведе санкции за използване на грешни коефициенти през 2025 г.?,Palms Bet,Efbet,Bet365,Sesame,1,3
Какъв е максималният процент на грешни коефициенти, открити от AI в WinBet през 2025 г.?,5%,10%,15%,20%,2,2
Коя регулация забранява предлагането на залози с известен изход в България през 2025 г.?,Закон за хазарта,GDPR,AML директива,Няма такава,0,2
Коя функция на Sesame позволява анализ на грешни коефициенти през 2025 г.?,Odds Analyzer,Bet Review,Smart Check,Live Audit,0,2
Какъв е минималният брой анулирани залози заради грешни коефициенти в Efbet през 2025 г.?,5,10,20,50,2,1
Коя българска компания първа внедри система за докладване на грешни коефициенти през 2025 г.?,Bet365,Efbet,Palms Bet,WinBet,0,3
Какъв е максималният срок за връщане на залог с грешни коефициенти в България през 2025 г.?,24 часа,48 часа,72 часа,7 дни,2,2
Коя новина за Bet365 BG през 2025 г. беше свързана с вътрешна информация?,Скандал с персонал,Техническа грешка,Хакерски пробив,Футболна далавера,0,3
Коя функция на Palms Bet блокира залози с подозрителни коефициенти през 2025 г.?,Bet Shield,Odds Lock,Live Guard,Smart Stop,0,2
Какъв е минималният коефициент, приет за грешка в WinBet през 2025 г.?,1.02,1.05,1.10,1.15,1,2
Коя компания в България има най-строги мерки срещу грешни коефициенти през 2025 г.?,Efbet,Bet365,Sesame,Palms Bet,0,2
Какъв е максималният брой сигнали за грешни коефициенти в Sesame през 2025 г.?,50,100,200,500,2,3
Коя регулация изисква обучение на персонала за грешни коефициенти в България през 2025 г.?,Закон за хазарта,GDPR,Директива за AI,Няма такава,0,2
Коя функция на Bet365 BG открива изтичане на информация през 2025 г.?,Leak Detector,Staff Monitor,Data Guard,Smart Track,0,3
Какъв е минималният срок за реакция на грешни коефициенти в Efbet през 2025 г.?,1 час,3 часа,6 часа,12 часа,2,2
Коя българска компания първа въведе компенсация за грешни коефициенти през 2025 г.?,Palms Bet,Efbet,Bet365,Sesame,0,3
Какъв е максималният процент на анулирани залози в Bet365 BG през 2025 г.?,15%,25%,35%,45%,2,2
Коя новина за WinBet през 2025 г. разкри грешни коефициенти?,Тенис далавера,Софтуерен бъг,Служителска грешка,Хакерска атака,0,3
Коя функция на Sesame спира залози с вътрешна информация през 2025 г.?,Info Block,Bet Freeze,Odds Stop,Live Lock,0,2
Какво е първото действие на букмейкър при откриване на сгрешен коефициент през 2025 г.?,Спира залози,Анулира залог,Уведомява играч,Проверява система,0,1
Коя технология открива грешни коефициенти в реално време през 2025 г.?,AI,Blockchain,5G,VR,0,2
Какъв е максималният брой анулирани залози заради грешни коефициенти в света през 2025 г.?,1000,5000,10 000,20 000,2,3
Коя система за залози е най-често манипулирана с грешни коефициенти през 2025 г.?,Трикси,Янки,Хайнц,Голиат,2,2
Какъв е минималният срок за уведомяване на играч за грешка в коефициент през 2025 г.?,1 час,3 часа,6 часа,12 часа,2,1
Коя международна платформа първа спря залози заради грешни коефициенти през 2025 г.?,Betfair,Bet365,1xBet,Smarkets,1,3
Какъв е максималният процент на грешни коефициенти в тенис залози през 2025 г.?,5%,10%,15%,20%,2,2
Коя технология предотвратява изтичане на информация за коефициенти през 2025 г.?,AI,Blockchain,5G,VR,1,2
Какъв е минималният брой сигнали за грешни коефициенти за проверка през 2025 г.?,1,3,5,10,2,1
Коя платформа първа въведе санкции за използване на грешни коефициенти през 2025 г.?,Bet365,Betfair,1xBet,William Hill,0,3
Какъв е максималният срок за анулиране на залог с грешни коефициенти през 2025 г.?,24 часа,48 часа,72 часа,7 дни,2,2
Коя система за залози е най-уязвима на манипулации с информация през 2025 г.?,Патент,Трикси,2/3,Супер Хайнц,2,2
Какъв е минималният коефициент, считан за грешка в световен мащаб през 2025 г.?,1.01,1.05,1.10,1.20,1,1
Коя технология открива манипулации с коефициенти през 2025 г.?,AI,Blockchain,5G,VR,0,2
Какъв е максималният брой служители, уволнени заради грешни коефициенти през 2025 г.?,10,50,100,200,2,3
Коя платформа първа внедри блокчейн за защита от грешни коефициенти през 2025 г.?,Betfair,Bet365,1xBet,Smarkets,0,3
Какъв е минималният процент на грешка, за да се анулира залог през 2025 г.?,5%,10%,15%,20%,1,2
Коя система за залози е най-често засегната от вътрешна информация през 2025 г.?,Янки,Хайнц,Голиат,Трикси,2,2
Какъв е максималният срок за разследване на грешни коефициенти през 2025 г.?,7 дни,14 дни,30 дни,60 дни,2,3
Коя технология спира залози с подозрителни коефициенти през 2025 г.?,AI,Blockchain,5G,VR,0,2
Какъв е минималният брой анулирани залози заради грешни коефициенти през 2025 г.?,10,20,50,100,2,1
Коя платформа първа въведе компенсация за грешни коефициенти през 2025 г.?,Bet365,Betfair,1xBet,William Hill,0,3
Какъв е максималният процент на анулирани залози заради грешки през 2025 г.?,20%,30%,40%,50%,2,2
Коя система за залози е най-трудна за манипулация с грешни коефициенти през 2025 г.?,Трикси,Патент,2/3,Хайнц,2,2
Какъв е минималният срок за реакция на грешни коефициенти през 2025 г.?,1 час,3 часа,6 часа,12 часа,2,1
Коя технология подобрява откриването на грешни коефициенти през 2025 г.?,AI,Blockchain,5G,VR,0,2
Какъв е максималният брой сигнали за грешни коефициенти в тенис през 2025 г.?,100,200,500,1000,2,3
Коя платформа първа спря залози заради вътрешна информация през 2025 г.?,Betfair,Bet365,1xBet,Smarkets,1,3
Какъв е минималният процент на грешни коефициенти в баскетбол през 2025 г.?,2%,5%,10%,15%,1,2
Коя система за залози е най-проста за откриване на грешни коефициенти през 2025 г.?,Трикси,Патент,2/3,Янки,2,1
Какъв е максималният срок за връщане на залог с грешни коефициенти през 2025 г.?,24 часа,48 часа,72 часа,7 дни,2,2
Коя технология предотвратява манипулации с информация през 2025 г.?,AI,Blockchain,5G,VR,1,2
Какъв е минималният брой служители, уволнени заради грешни коефициенти през 2025 г.?,1,5,10,20,2,1
Коя платформа първа внедри AI за защита от грешни коефициенти през 2025 г.?,Bet365,Betfair,1xBet,William Hill,0,3
Какъв е максималният процент на грешни коефициенти в футбол през 2025 г.?,5%,10%,15%,20%,2,2
Коя система за залози е най-често анулирана заради грешни коефициенти през 2025 г.?,Янки,Хайнц,Голиат,Трикси,2,2
Какъв е минималният срок за докладване на грешни коефициенти през 2025 г.?,6 часа,12 часа,24 часа,48 часа,2,1
Коя технология открива изтичане на информация през 2025 г.?,AI,Blockchain,5G,VR,1,2
Какъв е максималният брой анулирани залози в баскетбол през 2025 г.?,100,200,500,1000,2,3
Коя платформа първа въведе обучение срещу грешни коефициенти през 2025 г.?,Bet365,Betfair,1xBet,William Hill,0,3
Какъв е минималният процент на анулирани залози заради грешки през 2025 г.?,5%,10%,15%,20%,1,2
Коя система за залози е най-сигурна срещу грешни коефициенти през 2025 г.?,Трикси,Патент,2/3,Хайнц,2,2
Какъв е максималният срок за уведомяване на играч за грешка през 2025 г.?,12 часа,24 часа,48 часа,72 часа,2,2
Коя технология спира манипулации с коефициенти през 2025 г.?,AI,Blockchain,5G,VR,0,2
question,answer1,answer2,answer3,answer4,correct,level
Какво е основното различие между букмейкър и борса за залози?,Букмейкърът определя коефициенти,Борсата позволява на играчите да ги определят,Букмейкърът не взема комисионна,Борсата работи с фиксирани коефициенти,1,1
Кой тип пазар е най-често предлаган от букмейкъри през 2025 г.?,1X2,Над/Под,Хендикап,Точен резултат,0,1
Какъв е стандартният марж на букмейкърите за футболни мачове през 2025 г.?,2-5%,5-8%,8-10%,10-12%,1,2
Коя компания в България предлага най-много пазари за залози през 2025 г.?,Efbet,Bet365,Palms Bet,WinBet,1,2
Какво е основното предимство на информаторите пред букмейкърите?,Достъп до вътрешна информация,По-ниски маржове,По-бързи изплащания,По-високи бонуси,0,2
Коя технология помага на букмейкърите да коригират коефициенти в реално време през 2025 г.?,AI,Blockchain,5G,VR,0,2
Какъв е минималният брой селекции за системен залог при букмейкър?,2,3,4,5,1,1
Коя борса за залози има най-ниска комисионна през 2025 г.?,Betfair,Smarkets,Matchbook,Betdaq,1,2
Какъв е максималният брой пазари за един мач при Bet365 през 2025 г.?,200,300,400,500,2,2
Какво е основното различие между информатор и типстър?,Информаторът дава вътрешна информация,Типстърът анализира статистика,Информаторът работи с букмейкъри,Типстърът определя коефициенти,0,2
Коя компания в България първа въведе залози с нулев марж през 2025 г.?,Efbet,Bet365,Sesame,Palms Bet,1,3
Какъв е стандартният процент на комисионна в борсите за залози през 2025 г.?,1%,2%,5%,7%,2,2
Кой пазар е най-популярен сред информаторите през 2025 г.?,Точен резултат,Първи голмайстор,Брой корнери,Над/Под,0,2
Какво е предимството на букмейкърите пред борсите за залози?,Гарантирана ликвидност,По-високи коефициенти,Липса на комисионна,По-гъвкави пазари,0,1
Коя технология позволява на информаторите да получават данни в реално време през 2025 г.?,5G,AI,Blockchain,VR,0,2
Какъв е минималният залог за борса за залози през 2025 г.?,1 лв.,2 лв.,5 лв.,10 лв.,2,1
Коя компания в България предлага най-бърз кеш-аут през 2025 г.?,Efbet,Bet365,Palms Bet,Sesame,0,2
Какъв е максималният брой комбинации в системата Голиат?,120,247,300,400,1,3
Кой тип залог е най-рисков за информаторите през 2025 г.?,Точен резултат,Над/Под,1X2,Хендикап,0,2
Какво е основното различие между пазарите на букмейкъри и борси?,Букмейкърите имат фиксирани пазари,Борсите предлагат повече пазари,Букмейкърите предлагат гъвкави коефициенти,Борсите имат марж,0,1
Коя българска компания има най-висок лимит за залог през 2025 г.?,Efbet,Bet365,WinBet,Palms Bet,1,2
Какъв е минималният коефициент за кеш-аут при букмейкър през 2025 г.?,1.10,1.20,1.50,1.80,1,1
Коя борса за залози първа въведе залози с гласови команди през 2025 г.?,Betfair,Smarkets,Matchbook,Betdaq,0,3
Какъв е максималният процент на марж за тенис залози при букмейкъри през 2025 г.?,5%,8%,10%,12%,2,2
Кой пазар е най-малко предлаган от информаторите през 2025 г.?,Брой корнери,Точен резултат,Първи голмайстор,Хендикап,0,2
Коя компания в България първа внедри блокчейн за сигурност през 2025 г.?,Efbet,Bet365,Sesame,Palms Bet,2,3
Какъв е минималният брой селекции за системата Супер Янки?,4,5,6,7,1,1
Какво е основното предимство на борсите пред букмейкърите?,По-високи коефициенти,Гарантирана ликвидност,Липса на комисионна,По-бързи изплащания,0,1
Коя технология подобрява точността на коефициентите при букмейкърите през 2025 г.?,AI,Blockchain,5G,VR,0,2
Какъв е максималният брой пазари за баскетболен мач при Bet365 през 2025 г.?,150,200,250,300,2,2
Кой тип залог е най-често предлаган от информаторите през 2025 г.?,Точен резултат,Над/Под,1X2,Хендикап,0,2
Коя българска компания предлага най-много бонуси за нови клиенти през 2025 г.?,Efbet,Bet365,Palms Bet,WinBet,0,2
Какъв е минималният процент на RTP за виртуални спортове при букмейкъри през 2025 г.?,85%,90%,95%,98%,2,2
Коя борса за залози има най-голяма ликвидност през 2025 г.?,Betfair,Smarkets,Matchbook,Betdaq,0,2
Какъв е максималният брой селекции в акумулатор при букмейкър през 2025 г.?,15,20,25,30,2,2
Кой пазар е най-печеливш за информаторите през 2025 г.?,Точен резултат,Първи голмайстор,Брой корнери,Над/Под,0,3
Коя компания в България първа въведе залози с AI анализатор през 2025 г.?,Efbet,Bet365,Sesame,Palms Bet,1,3
Какъв е минималният коефициент за арбитражни залози през 2025 г.?,1.05,1.10,1.20,1.50,2,2
Коя технология позволява на борсите да предлагат по-добри коефициенти през 2025 г.?,Blockchain,AI,5G,VR,0,2
Какъв е максималният процент на бонус за акумулатор при букмейкъри през 2025 г.?,50%,70%,100%,150%,2,2
Кой тип пазар е най-труден за прогнозиране от информаторите през 2025 г.?,Брой корнери,Точен резултат,Първи голмайстор,Хендикап,1,2
Коя българска компания има най-бърза верификация на акаунт през 2025 г.?,Efbet,Bet365,Palms Bet,Sesame,0,2
Какъв е минималният брой комбинации в системата Трикси?,3,4,7,10,1,1
Коя борса за залози първа въведе VR залагания през 2025 г.?,Betfair,Smarkets,Matchbook,Betdaq,0,3
Какъв е максималният марж за баскетболни залози при букмейкъри през 2025 г.?,6%,8%,10%,12%,2,2
Кой пазар е най-често манипулиран от информаторите през 2025 г.?,Точен резултат,Първи голмайстор,Брой корнери,Над/Под,0,3
Коя компания в България предлага най-много методи за депозит през 2025 г.?,Efbet,Bet365,Palms Bet,WinBet,1,2
Какъв е минималният срок за изплащане при букмейкъри през 2025 г.?,12 часа,24 часа,48 часа,72 часа,1,2
Коя технология подобрява сигурността на борсите за залози през 2025 г.?,Blockchain,AI,5G,VR,0,2
Какъв е максималният брой комбинации в системата Хайнц?,15,26,57,120,2,2
Кой тип залог е най-прост за информаторите през 2025 г.?,1X2,Над/Под,Хендикап,Точен резултат,0,1
Коя българска компания първа въведе залози с биометрична идентификация през 2025 г.?,Efbet,Bet365,Sesame,Palms Bet,2,3
Какъв е минималният коефициент за разиграване на бонус при букмейкър през 2025 г.?,1.20,1.50,1.80,2.00,1,1
Коя борса за залози предлага най-много пазари за тенис през 2025 г.?,Betfair,Smarkets,Matchbook,Betdaq,0,2
Какъв е максималният процент на печалба от арбитраж през 2025 г.?,2%,5%,8%,10%,1,2
Кой пазар е най-малко печеливш за информаторите през 2025 г.?,Брой корнери,Точен резултат,Първи голмайстор,Над/Под,0,2
Коя компания в България има най-нисък марж за футбол през 2025 г.?,Efbet,Bet365,Palms Bet,Sesame,1,2
Какъв е минималният брой селекции за системата Патент?,2,3,4,5,1,1
Коя технология позволява на букмейкърите да предлагат персонализирани коефициенти през 2025 г.?,AI,Blockchain,5G,VR,0,2
Какъв е максималният брой пазари за хокей мач при Bet365 през 2025 г.?,100,150,200,250,2,2
Кой тип залог е най-често използван от информаторите през 2025 г.?,Точен резултат,Над/Под,1X2,Хендикап,0,2
Коя българска компания първа въведе залози с нулева комисионна през 2025 г.?,Efbet,Bet365,Sesame,Palms Bet,1,3
Какъв е минималният процент на марж за тенис залози при букмейкъри през 2025 г.?,3%,5%,7%,9%,1,2
Коя борса за залози има най-бързо обновяване на коефициенти през 2025 г.?,Betfair,Smarkets,Matchbook,Betdaq,1,2
Какъв е максималният брой комбинации в системата Супер Хайнц?,57,120,247,300,1,3
Кой пазар е най-предпочитан от букмейкърите през 2025 г.?,1X2,Над/Под,Хендикап,Точен резултат,0,1
Коя компания в България предлага най-добър лайв стрийминг през 2025 г.?,Efbet,Bet365,Palms Bet,Sesame,1,2
Какъв е минималният срок за верификация при букмейкъри през 2025 г.?,12 часа,24 часа,48 часа,72 часа,2,2
Коя технология намалява латентността при борсите за залози през 2025 г.?,5G,AI,Blockchain,VR,0,2
Какъв е максималният процент на кеш-аут загуба при букмейкъри през 2025 г.?,10%,20%,30%,40%,2,2
Кой тип залог е най-труден за информаторите през 2025 г.?,Брой корнери,Точен резултат,Първи голмайстор,Хендикап,1,3
Коя българска компания има най-много физически пунктове през 2025 г.?,Efbet,Bet365,WinBet,Palms Bet,0,2
Какъв е минималният брой пазари за мач при букмейкър през 2025 г.?,50,100,150,200,1,1
Коя борса за залози първа въведе залози с криптовалути през 2025 г.?,Betfair,Smarkets,Matchbook,Betdaq,0,3
Какъв е максималният срок за изплащане при букмейкъри през 2025 г.?,24 часа,48 часа,72 часа,7 дни,2,2
Кой пазар е най-често предлаган от борсите за залози през 2025 г.?,1X2,Над/Под,Хендикап,Точен резултат,0,1
Коя компания в България първа въведе персонализирани пазари през 2025 г.?,Efbet,Bet365,Sesame,Palms Bet,1,3
Какъв е минималният процент на комисионна в борсите за залози през 2025 г.?,1%,2%,3%,5%,0,2
Коя технология подобрява визуализацията на пазарите при букмейкърите през 2025 г.?,VR,AI,5G,Blockchain,0,2
Какъв е максималният брой селекции в системата Канадец?,4,5,6,7,1,1
Кой тип залог е най-печеливш за букмейкърите през 2025 г.?,Точен резултат,Над/Под,1X2,Хендикап,0,2
Коя българска компания предлага най-висок бонус за лоялност през 2025 г.?,Efbet,Bet365,Palms Bet,Sesame,0,2
Какъв е минималният коефициент за залог в борса през 2025 г.?,1.01,1.05,1.10,1.20,1,1
Коя борса за залози има най-много потребители през 2025 г.?,Betfair,Smarkets,Matchbook,Betdaq,0,2
Какъв е максималният процент на RTP за виртуални игри при букмейкъри през 2025 г.?,90%,95%,98%,100%,2,2
Кой пазар е най-труден за букмейкърите през 2025 г.?,Брой корнери,Точен резултат,Първи голмайстор,Хендикап,1,3
Коя компания в България първа въведе залози с гласови команди през 2025 г.?,Efbet,Bet365,Sesame,Palms Bet,1,3
Какъв е минималният срок за кеш-аут при букмейкъри през 2025 г.?,5 минути,10 минути,15 минути,30 минути,1,2
Коя технология позволява на информаторите да анализират пазари през 2025 г.?,AI,Blockchain,5G,VR,0,2
Какъв е максималният брой комбинации в системата Янки?,11,15,26,57,0,2
Кой тип залог е най-често анулиран от букмейкърите през 2025 г.?,Точен резултат,Над/Под,1X2,Хендикап,0,2
Коя българска компания има най-добра мобилна апликация през 2025 г.?,Efbet,Bet365,Palms Bet,Sesame,1,2
Какъв е минималният брой селекции за системата 2/3?,2,3,4,5,1,1
Коя борса за залози първа въведе залози с нулева комисионна през 2025 г.?,Betfair,Smarkets,Matchbook,Betdaq,0,3
Какъв е максималният процент на марж за хокей залози при букмейкъри през 2025 г.?,6%,8%,10%,12%,2,2
Кой пазар е най-популярен сред борсите за залози през 2025 г.?,1X2,Над/Под,Хендикап,Точен резултат,0,1
Коя компания в България предлага най-бърза регистрация през 2025 г.?,Efbet,Bet365,Palms Bet,Sesame,0,2
